{"cameraMode":{"drawMode":0,"name":"Shaded","section":"Shading Mode"},"sceneLighting":true,"audioPlay":false,"sceneViewState":{"showFog":false,"showMaterialUpdate":false,"showSkybox":true,"showFlares":true,"showImageEffects":true,"showParticleSystems":true,"showVisualEffectGraphs":true,"m_FxEnabled":true},"in2DMode":false,"pivot":{"x":-0.012802771292626858,"y":2.7820420265197756,"z":16.779043197631837},"rotation":{"x":-0.004650585353374481,"y":0.9936583638191223,"z":-0.10321211814880371,"w":-0.04474466294050217},"size":0.40756213665008547,"orthographic":false}