{"cameraMode":{"drawMode":0,"name":"Shaded","section":"Shading Mode"},"sceneLighting":true,"audioPlay":false,"sceneViewState":{"showFog":false,"showMaterialUpdate":false,"showSkybox":true,"showFlares":true,"showImageEffects":true,"showParticleSystems":true,"showVisualEffectGraphs":true,"m_FxEnabled":true},"in2DMode":false,"pivot":{"x":2.317762613296509,"y":3.159404754638672,"z":16.512245178222658},"rotation":{"x":-0.000904034823179245,"y":0.9955577850341797,"z":-0.09436167776584625,"w":-0.009265642613172531},"size":0.8380560874938965,"orthographic":false}