{"cameraMode":{"drawMode":0,"name":"Shaded","section":"Shading Mode"},"sceneLighting":true,"audioPlay":false,"sceneViewState":{"showFog":false,"showMaterialUpdate":false,"showSkybox":true,"showFlares":true,"showImageEffects":true,"showParticleSystems":true,"showVisualEffectGraphs":true,"m_FxEnabled":true},"in2DMode":false,"pivot":{"x":3.3882815837860109,"y":2.8821158409118654,"z":-15.076350212097168},"rotation":{"x":-0.013803912326693535,"y":-0.027897173538804055,"z":0.00038477013004012406,"w":-0.9995225071907044},"size":1.43147873878479,"orthographic":false}