{"cameraMode":{"drawMode":0,"name":"Shaded","section":"Shading Mode"},"sceneLighting":true,"audioPlay":false,"sceneViewState":{"showFog":false,"showMaterialUpdate":false,"showSkybox":true,"showFlares":true,"showImageEffects":true,"showParticleSystems":true,"showVisualEffectGraphs":true,"m_FxEnabled":true},"in2DMode":false,"pivot":{"x":19.633255004882814,"y":-2.6074962615966799,"z":18.242450714111329},"rotation":{"x":0.10559109598398209,"y":0.31090426445007326,"z":-0.03465459123253822,"w":0.9444678425788879},"size":21.24337387084961,"orthographic":false}